query_product_id,query_article_type,relevant_in_top10,mean_similarity,relevant_similarity,irrelevant_similarity,precision_at_10
1544,Casual Shoes,7,0.6837401032447815,0.6903816376413617,0.6682431896527609,0.7
1599,Handbags,10,0.7789127171039582,0.7789127171039582,,1.0
1798,Tshirts,4,0.8972175538539886,0.9020618349313736,0.893988033135732,0.4
1844,Tshirts,10,0.8678319573402404,0.8678319573402404,,1.0
1871,Tshirts,10,0.8877676665782929,0.8877676665782929,,1.0
1938,Tshirts,10,0.8987823188304901,0.8987823188304901,,1.0
1942,Tshirts,10,0.853863674402237,0.853863674402237,,1.0
1951,Sports Shoes,3,0.6411122560501099,0.6441917022069296,0.6397924934114728,0.3
2035,Tshirts,10,0.9229565382003784,0.9229565382003784,,1.0
2040,Tshirts,9,0.8490204036235809,0.8499890897009108,0.8403022289276123,0.9
2210,Tshirts,9,0.9369377732276917,0.9357430405086942,0.9476903676986694,0.9
2256,Tshirts,9,0.9273045539855957,0.9277197453710768,0.9235678315162659,0.9
2265,Tshirts,10,0.8281949162483215,0.8281949162483215,,1.0
2353,Sports Shoes,10,0.7414000868797302,0.7414000868797302,,1.0
2367,Formal Shoes,5,0.8010945975780487,0.7980559825897217,0.8041332125663757,0.5
2579,Shorts,1,0.7235650897026062,0.7302166223526001,0.7228260305192735,0.1
2677,Tshirts,10,0.8379638731479645,0.8379638731479645,,1.0
2746,Tshirts,4,0.6393397867679596,0.6384081989526749,0.6399608453114828,0.4
2848,Tshirts,10,0.8794218063354492,0.8794218063354492,,1.0
2855,Tshirts,10,0.9047373950481414,0.9047373950481414,,1.0
2895,Heels,3,0.7415269374847412,0.7548805077870687,0.7358039787837437,0.3
2947,Tops,7,0.855211079120636,0.8582873174122402,0.8480331897735596,0.7
2981,Tshirts,10,0.8074974298477173,0.8074974298477173,,1.0
3065,Tshirts,10,0.865321409702301,0.865321409702301,,1.0
3120,Tshirts,10,0.8909522831439972,0.8909522831439972,,1.0
3140,Heels,7,0.6796211361885071,0.6792428238051278,0.6805038650830587,0.7
3160,Sports Shoes,10,0.8114373683929443,0.8114373683929443,,1.0
3215,Sports Shoes,6,0.8232162892818451,0.8171381056308746,0.8323335647583008,0.6
3252,Sports Shoes,2,0.8089247345924377,0.7970145642757416,0.8119022771716118,0.2
3391,Handbags,10,0.7048547029495239,0.7048547029495239,,1.0
3398,Handbags,10,0.7616687774658203,0.7616687774658203,,1.0
3496,Sports Shoes,3,0.7492022275924682,0.7466799020767212,0.7502832242420742,0.3
3505,Casual Shoes,9,0.7568166613578796,0.7557745774586996,0.7661954164505005,0.9
3518,Tshirts,10,0.8885721564292908,0.8885721564292908,,1.0
3565,Casual Shoes,7,0.7714919030666352,0.7685718791825431,0.7783052921295166,0.7
3604,Casual Shoes,10,0.8276937365531921,0.8276937365531921,,1.0
3620,Flip Flops,10,0.7862324893474579,0.7862324893474579,,1.0
3641,Casual Shoes,6,0.7312604367733002,0.728557954231898,0.7353141605854034,0.6
3646,Casual Shoes,10,0.7442403495311737,0.7442403495311737,,1.0
3651,Sports Shoes,5,0.7377755284309387,0.7326281785964965,0.7429228782653808,0.5
3663,Sports Shoes,0,0.8153140068054199,,0.8153140068054199,0.0
3712,Tshirts,8,0.8957711517810821,0.8952573537826538,0.8978263437747955,0.8
3893,Tshirts,10,0.8649388134479523,0.8649388134479523,,1.0
3919,Track Pants,6,0.9087016999721527,0.9101545910040537,0.9065223634243011,0.6
4144,Sports Shoes,10,0.7875910818576812,0.7875910818576812,,1.0
4237,Tshirts,10,0.7661987185478211,0.7661987185478211,,1.0
4332,Sports Shoes,9,0.7500704288482666,0.7511838409635756,0.7400497198104858,0.9
4361,Tshirts,10,0.7913762748241424,0.7913762748241424,,1.0
4483,Casual Shoes,4,0.7171529233455658,0.7115724235773087,0.7208732565244039,0.4
4488,Sports Shoes,3,0.8045013725757599,0.8090240955352783,0.8025630627359662,0.3
4534,Tshirts,10,0.858601552248001,0.858601552248001,,1.0
4595,Backpacks,10,0.6725464820861816,0.6725464820861816,,1.0
4695,Watches,10,0.7250965714454651,0.7250965714454651,,1.0
4758,Tshirts,9,0.8250801026821136,0.8280182348357307,0.7986369132995605,0.9
4884,Tops,4,0.7648275196552277,0.8128961026668549,0.7327817976474762,0.4
4901,Tops,8,0.8259430766105652,0.8289174512028694,0.8140455782413483,0.8
4955,Shirts,6,0.7313420712947846,0.7468916773796082,0.7080176621675491,0.6
4985,Sports Shoes,10,0.757591325044632,0.757591325044632,,1.0
5054,Sports Shoes,9,0.7479015588760376,0.7466550668080648,0.759119987487793,0.9
5071,Watches,10,0.7594853162765502,0.7594853162765502,,1.0
5109,Tops,4,0.8132077276706695,0.8057573288679123,0.8181746602058411,0.4
5157,Tshirts,10,0.7161179900169372,0.7161179900169372,,1.0
5327,Casual Shoes,6,0.7774841666221619,0.7811270554860433,0.7720198333263397,0.6
5348,Sports Shoes,3,0.7415493190288543,0.7401289939880371,0.7421580297606332,0.3
5390,Sports Shoes,4,0.6621259868144989,0.6509363949298859,0.6695857147375742,0.4
5395,Sports Shoes,5,0.6646411895751954,0.6646633386611939,0.6646190404891967,0.5
5435,Tshirts,10,0.7470213830471039,0.7470213830471039,,1.0
5479,Sports Shoes,3,0.7930962204933166,0.7943325638771057,0.7925663590431213,0.3
5527,Tshirts,10,0.8991383194923401,0.8991383194923401,,1.0
5582,Sports Shoes,0,0.6330671191215516,,0.6330671191215516,0.0
5605,Flip Flops,8,0.8470281660556793,0.8493702784180641,0.8376597166061401,0.8
5684,Casual Shoes,10,0.7634939432144165,0.7634939432144165,,1.0
5762,Shorts,4,0.836045092344284,0.8615706562995911,0.8190280497074127,0.4
5804,Jeans,4,0.8240511119365692,0.8366906493902206,0.8156247536341349,0.4
5842,Tshirts,10,0.6925877273082733,0.6925877273082733,,1.0
5879,Tshirts,6,0.817630934715271,0.8219459851582845,0.8111583590507507,0.6
5904,Casual Shoes,3,0.7654135346412658,0.7584999203681946,0.7683765121868679,0.3
5917,Casual Shoes,4,0.7328297197818756,0.7395966500043869,0.728318432966868,0.4
5930,Casual Shoes,8,0.7176650583744049,0.7152821123600006,0.7271968424320221,0.8
5941,Shirts,10,0.8238623797893524,0.8238623797893524,,1.0
5974,Shirts,10,0.851228129863739,0.851228129863739,,1.0
5980,Shirts,10,0.8117596626281738,0.8117596626281738,,1.0
5999,Shirts,10,0.7559766173362732,0.7559766173362732,,1.0
6036,Tshirts,7,0.7976816654205322,0.800040466444833,0.7921777963638306,0.7
6057,Shirts,10,0.8081911325454711,0.8081911325454711,,1.0
6064,Tshirts,10,0.7582286775112153,0.7582286775112153,,1.0
6089,Tshirts,2,0.7836314499378204,0.7859037816524506,0.7830633670091629,0.2
6113,Tshirts,9,0.8907857894897461,0.8886355294121636,0.9101381301879883,0.9
6122,Flip Flops,9,0.7742954552173614,0.7732898592948914,0.7833458185195923,0.9
6249,Tshirts,10,0.8382193267345428,0.8382193267345428,,1.0
6357,Flip Flops,3,0.8275967299938202,0.8386714657147726,0.8228504146848407,0.3
6395,Sandals,6,0.7796705782413482,0.7998849749565125,0.749348983168602,0.6
6463,Flip Flops,10,0.745680320262909,0.745680320262909,,1.0
6477,Jackets,0,0.6860296547412872,,0.6860296547412872,0.0
6524,Shorts,10,0.7684920907020569,0.7684920907020569,,1.0
6553,Backpacks,10,0.6637572407722473,0.6637572407722473,,1.0
6666,Flip Flops,9,0.8152006566524506,0.8157044715351529,0.8106663227081299,0.9
6705,Socks,10,0.6636901319026947,0.6636901319026947,,1.0
6727,Flip Flops,8,0.793129974603653,0.7976952269673347,0.7748689651489258,0.8
6734,Sports Shoes,7,0.7892261683940888,0.779713009084974,0.8114235401153564,0.7
6748,Sports Shoes,7,0.7744833350181579,0.7749448674065726,0.7734064261118571,0.7
6776,Tshirts,10,0.8674862444400787,0.8674862444400787,,1.0
6946,Tshirts,10,0.8979770302772522,0.8979770302772522,,1.0
7080,Backpacks,10,0.7769382715225219,0.7769382715225219,,1.0
7139,Shirts,5,0.8385536849498749,0.8508300900459289,0.8262772798538208,0.5
7169,Shirts,9,0.9181598901748658,0.9182290501064725,0.9175374507904053,0.9
7251,Casual Shoes,4,0.8233059227466584,0.8158635497093201,0.8282675047715505,0.4
7332,Casual Shoes,10,0.79713094830513,0.79713094830513,,1.0
7369,Casual Shoes,5,0.7998230159282684,0.80001859664917,0.7996274352073669,0.5
7388,Formal Shoes,9,0.8708008706569672,0.8702900409698486,0.8753983378410339,0.9
7452,Tshirts,10,0.7775421380996704,0.7775421380996704,,1.0
7617,Caps,10,0.7831490933895111,0.7831490933895111,,1.0
7721,Sports Shoes,10,0.8240766048431396,0.8240766048431396,,1.0
7776,Casual Shoes,9,0.8012779831886292,0.8044687708218893,0.7725608944892883,0.9
7880,Formal Shoes,8,0.8439020872116089,0.8452956900000572,0.8383276760578156,0.8
7890,Track Pants,5,0.8917030572891236,0.8946778774261475,0.8887282371520996,0.5
7950,Tshirts,10,0.8630813837051392,0.8630813837051392,,1.0
8172,Heels,6,0.6870652198791504,0.6867265601952871,0.6875732094049454,0.6
8223,Backpacks,9,0.616082739830017,0.6175457239151001,0.60291588306427,0.9
8278,Tshirts,10,0.8397207915782928,0.8397207915782928,,1.0
8348,Tshirts,10,0.8117017209529876,0.8117017209529876,,1.0
8351,Tshirts,9,0.7577429056167603,0.7563455369737413,0.7703192234039307,0.9
8406,Shorts,8,0.831986802816391,0.8382794559001923,0.8068161904811859,0.8
8505,Socks,9,0.6642420649528503,0.6657453378041586,0.6507126092910767,0.9
8643,Sunglasses,10,0.918626743555069,0.918626743555069,,1.0
8731,Shirts,7,0.8967608571052551,0.9043273244585309,0.8791057666142782,0.7
8760,Track Pants,8,0.9004134237766266,0.9025951251387596,0.8916866183280945,0.8
8768,Sunglasses,10,0.9303926885128021,0.9303926885128021,,1.0
8773,Shirts,10,0.8887429356575012,0.8887429356575012,,1.0
8809,Shirts,10,0.9091137051582336,0.9091137051582336,,1.0
8950,Trousers,5,0.8687835514545441,0.8723994135856629,0.8651676893234252,0.5
9022,Flip Flops,2,0.7107564568519592,0.6929582953453064,0.7152059972286224,0.2
9071,Shirts,10,0.9165713071823121,0.9165713071823121,,1.0
9084,Track Pants,8,0.8502880811691285,0.8563226163387299,0.8261499404907227,0.8
9202,Casual Shoes,9,0.8008531391620636,0.8016872008641561,0.7933465838432312,0.9
9218,Casual Shoes,9,0.8048520147800445,0.802578416135576,0.8253144025802612,0.9
9269,Shirts,6,0.880435711145401,0.8856553733348846,0.8726062178611755,0.6
9380,Sports Shoes,5,0.7749996304512023,0.7628376364707947,0.7871616244316101,0.5
9382,Casual Shoes,2,0.8275257825851441,0.8320778608322144,0.8263877630233765,0.2
9409,Sunglasses,10,0.875798100233078,0.875798100233078,,1.0
9427,Shirts,10,0.9158289849758148,0.9158289849758148,,1.0
9611,Shirts,10,0.933862441778183,0.933862441778183,,1.0
9628,Shirts,9,0.8755786895751954,0.8769760926564535,0.8630020618438721,0.9
9691,Tshirts,10,0.8372154831886292,0.8372154831886292,,1.0
9713,Tshirts,10,0.8119997560977936,0.8119997560977936,,1.0
9880,Shirts,10,0.8719728827476502,0.8719728827476502,,1.0
9913,Handbags,10,0.6894752621650696,0.6894752621650696,,1.0
9931,Tshirts,10,0.8834576547145844,0.8834576547145844,,1.0
10035,Sports Shoes,10,0.8180829167366028,0.8180829167366028,,1.0
10092,Sports Shoes,9,0.8281430780887604,0.8293713927268982,0.81708824634552,0.9
10135,Watches,9,0.6748267412185669,0.6723763346672058,0.6968804001808167,0.9
10146,Formal Shoes,9,0.9094331383705139,0.9096506237983704,0.9074757695198059,0.9
10149,Formal Shoes,7,0.9265463531017304,0.92415908404759,0.9321166475613912,0.7
10204,Handbags,10,0.841932886838913,0.841932886838913,,1.0
10293,Sandals,10,0.8169169664382935,0.8169169664382935,,1.0
10306,Casual Shoes,6,0.7642458498477935,0.767797201871872,0.758918821811676,0.6
10458,Tshirts,10,0.8927578449249267,0.8927578449249267,,1.0
10472,Tshirts,9,0.8097433924674988,0.8104913632074991,0.8030116558074951,0.9
10623,Flip Flops,1,0.6892874479293823,0.6759944558143616,0.6907644470532736,0.1
10662,Tshirts,9,0.8966557681560516,0.8983561396598816,0.881352424621582,0.9
10734,Handbags,10,0.8250858068466187,0.8250858068466187,,1.0
10863,Tshirts,10,0.8964159727096558,0.8964159727096558,,1.0
11028,Tunics,1,0.7951440632343292,0.8229302167892456,0.7920567128393385,0.1
11088,Shirts,10,0.9148256421089173,0.9148256421089173,,1.0
11234,Jeans,9,0.9470563530921936,0.9482498566309611,0.9363148212432861,0.9
11267,Trousers,10,0.9132077634334564,0.9132077634334564,,1.0
11293,Jeans,10,0.9456220090389251,0.9456220090389251,,1.0
11312,Trousers,9,0.8812393128871918,0.8832935889561971,0.8627508282661438,0.9
11335,Jeans,10,0.908218377828598,0.908218377828598,,1.0
11448,Tops,6,0.8339928209781646,0.8355679512023926,0.8316301256418228,0.6
11521,Tshirts,1,0.8140256643295288,0.8252906799316406,0.8127739959292941,0.1
11550,Kurtas,10,0.8169008970260621,0.8169008970260621,,1.0
11582,Kurtis,2,0.7656250894069672,0.7732585370540619,0.7637167274951935,0.2
11616,Kurtas,10,0.808157879114151,0.808157879114151,,1.0
11620,Kurtas,7,0.8218705296516419,0.8219235965183803,0.8217467069625854,0.7
11636,Watches,10,0.7480238378047943,0.7480238378047943,,1.0
11716,Shirts,9,0.8871451437473297,0.8873034119606018,0.8857207298278809,0.9
11719,Shirts,10,0.8547987043857574,0.8547987043857574,,1.0
11910,Formal Shoes,9,0.9019850552082062,0.9031548235151503,0.8914571404457092,0.9
12078,Kurtas,10,0.8052665948867798,0.8052665948867798,,1.0
12137,Kurtas,9,0.8601935625076294,0.8605307406849332,0.8571589589118958,0.9
12147,Kurtis,1,0.8379365742206574,0.859297513961792,0.8355631364716424,0.1
12160,Leggings,9,0.8635611891746521,0.8611426419681973,0.8853281140327454,0.9
12218,Trousers,10,0.8847226440906525,0.8847226440906525,,1.0
12259,Shirts,10,0.8762362658977508,0.8762362658977508,,1.0
12333,Jeans,9,0.9380121052265167,0.9385137889120314,0.9334969520568848,0.9
12372,Shirts,10,0.73429434299469,0.73429434299469,,1.0
12651,Tshirts,10,0.8411195397377014,0.8411195397377014,,1.0
12669,Shirts,10,0.8161261439323425,0.8161261439323425,,1.0
12672,Shorts,10,0.8272376179695129,0.8272376179695129,,1.0
12702,Casual Shoes,4,0.8413917183876037,0.8348620980978012,0.8457447985808054,0.4
12770,Tops,0,0.7635331749916077,,0.7635331749916077,0.0
12804,Tshirts,10,0.8434973776340484,0.8434973776340484,,1.0
12968,Sports Shoes,10,0.806820523738861,0.806820523738861,,1.0
13075,Casual Shoes,7,0.7749357938766479,0.7780139786856515,0.7677533626556396,0.7
13121,Casual Shoes,7,0.876285457611084,0.8752806612423488,0.8786299824714661,0.7
13205,Sports Shoes,10,0.7951145470142365,0.7951145470142365,,1.0
13210,Sports Shoes,10,0.7614524126052856,0.7614524126052856,,1.0
13252,Shirts,9,0.8454578936100006,0.8446563813421462,0.8526715040206909,0.9
13261,Jeans,10,0.8439407587051392,0.8439407587051392,,1.0
13264,Skirts,7,0.6886308372020722,0.7002784354346139,0.661453107992808,0.7
13284,Shorts,10,0.8673177599906922,0.8673177599906922,,1.0
13332,Shirts,10,0.8397753238677979,0.8397753238677979,,1.0
13350,Jeans,10,0.8551552891731262,0.8551552891731262,,1.0
13351,Jeans,9,0.9408315479755401,0.9420446356137594,0.9299137592315674,0.9
13408,Shirts,10,0.8800744414329529,0.8800744414329529,,1.0
13462,Tshirts,10,0.808046954870224,0.808046954870224,,1.0
13479,Flats,3,0.7482071280479431,0.7490377624829611,0.7478511418615069,0.3
13523,Tops,2,0.7399384796619415,0.7354870736598969,0.7410513311624527,0.2
13536,Sports Sandals,2,0.7944409966468811,0.8361563086509705,0.7840121686458588,0.2
13542,Flats,1,0.7837617337703705,0.8039109706878662,0.7815229296684265,0.1
13659,Shirts,10,0.895233792066574,0.895233792066574,,1.0
13735,Shirts,10,0.9084549427032471,0.9084549427032471,,1.0
13759,Shirts,10,0.9215004920959473,0.9215004920959473,,1.0
13835,Jackets,1,0.8205955862998963,0.8306729197502136,0.8194758825831943,0.1
14045,Shirts,10,0.8643926858901978,0.8643926858901978,,1.0
14067,Tshirts,10,0.8344399988651275,0.8344399988651275,,1.0
14330,Sports Shoes,7,0.7891635060310364,0.7877854875155857,0.7923788825670878,0.7
14368,Heels,4,0.7064497470855713,0.7259196192026138,0.6934698323408762,0.4
14374,Heels,2,0.6960505545139313,0.7748162746429443,0.676359124481678,0.2
14515,Shirts,10,0.9354432284832,0.9354432284832,,1.0
14606,Socks,10,0.6749146580696106,0.6749146580696106,,1.0
14627,Tops,6,0.8799890100955963,0.8827850023905436,0.8757950216531754,0.6
14664,Shirts,10,0.7707079589366913,0.7707079589366913,,1.0
14682,Tshirts,10,0.8754408657550812,0.8754408657550812,,1.0
14696,Trousers,7,0.9254056453704834,0.926357626914978,0.923184355099996,0.7
14713,Trousers,10,0.9241215288639069,0.9241215288639069,,1.0
14715,Shirts,8,0.9228385865688324,0.9218544289469719,0.9267752170562744,0.8
14747,Shirts,10,0.9158209681510925,0.9158209681510925,,1.0
14755,Shirts,10,0.8315908253192902,0.8315908253192902,,1.0
15005,Jackets,3,0.7393397629261017,0.7865468859672546,0.7191081387656075,0.3
15011,Track Pants,4,0.938698160648346,0.9416016936302185,0.9367624719937643,0.4
15021,Jackets,3,0.8759591221809387,0.8773558735847473,0.8753605144364494,0.3
15031,Sweaters,1,0.8067938089370728,0.8050877451896667,0.8069833715756735,0.1
15038,Sweaters,4,0.7377394020557404,0.7556362301111221,0.7258081833521525,0.4
15228,Casual Shoes,4,0.835153478384018,0.8416800498962402,0.8308024307092031,0.4
15238,Casual Shoes,9,0.7825540781021119,0.783374998304579,0.7751657962799072,0.9
15258,Casual Shoes,6,0.6726827919483185,0.6815540293852488,0.659375935792923,0.6
15327,Tshirts,10,0.771049153804779,0.771049153804779,,1.0
15467,Shorts,9,0.9291256427764892,0.9289873176150851,0.930370569229126,0.9
15477,Tshirts,10,0.8724656403064728,0.8724656403064728,,1.0
15564,Heels,3,0.6106102705001831,0.660900334517161,0.5890573859214783,0.3
15587,Shirts,10,0.8399506628513336,0.8399506628513336,,1.0
15631,Track Pants,3,0.8319041788578033,0.8352078000704447,0.8304883411952427,0.3
15724,Sports Shoes,5,0.8023669421672821,0.807951557636261,0.7967823266983032,0.5
15923,Backpacks,10,0.7089074611663818,0.7089074611663818,,1.0
15954,Ties,10,0.9163224101066589,0.9163224101066589,,1.0
15983,Shirts,10,0.8681122183799743,0.8681122183799743,,1.0
16017,Scarves,10,0.763905817270279,0.763905817270279,,1.0
16031,Shirts,10,0.9138688623905182,0.9138688623905182,,1.0
16032,Shirts,10,0.91773921251297,0.91773921251297,,1.0
16108,Sunglasses,10,0.9174958944320679,0.9174958944320679,,1.0
16119,Sandals,2,0.6643222332000732,0.6914817690849304,0.657532349228859,0.2
16221,Track Pants,4,0.946592378616333,0.9461055546998978,0.9469169278939565,0.4
16327,Shirts,10,0.9259791791439056,0.9259791791439056,,1.0
16363,Shirts,9,0.8944622814655304,0.897365563445621,0.8683327436447144,0.9
16466,Shirts,10,0.8873987257480621,0.8873987257480621,,1.0
16513,Jeans,10,0.9491794288158417,0.9491794288158417,,1.0
16645,Tshirts,10,0.9340267062187195,0.9340267062187195,,1.0
16784,Watches,10,0.733753103017807,0.733753103017807,,1.0
16862,Sunglasses,10,0.9307992637157441,0.9307992637157441,,1.0
16876,Sunglasses,10,0.9250240445137023,0.9250240445137023,,1.0
16929,Sweatshirts,3,0.8776399254798889,0.8724380135536194,0.879869316305433,0.3
17005,Flats,3,0.8027118504047394,0.8158727089564005,0.7970714824540275,0.3
17097,Wallets,10,0.7404922544956207,0.7404922544956207,,1.0
17164,Shirts,10,0.9133588671684265,0.9133588671684265,,1.0
17182,Shirts,10,0.8993219137191772,0.8993219137191772,,1.0
17248,Tshirts,10,0.8490924000740051,0.8490924000740051,,1.0
17259,Tshirts,10,0.9226925015449524,0.9226925015449524,,1.0
17262,Tshirts,10,0.8902979850769043,0.8902979850769043,,1.0
17383,Mufflers,4,0.7301232099533081,0.729922816157341,0.7302568058172861,0.4
17433,Watches,10,0.8009258270263672,0.8009258270263672,,1.0
17573,Shirts,10,0.9506654024124146,0.9506654024124146,,1.0
17618,Leggings,0,0.7987777531147003,,0.7987777531147003,0.0
17674,Flats,4,0.7736863374710083,0.7992770671844482,0.7566258509953817,0.4
17675,Flats,6,0.7590965807437897,0.7651087939739227,0.7500782608985901,0.6
17697,Casual Shoes,10,0.8045819878578186,0.8045819878578186,,1.0
17710,Casual Shoes,9,0.7679414629936219,0.769275963306427,0.7559309601783752,0.9
17778,Belts,9,0.8537903130054474,0.8498305545912849,0.8894281387329102,0.9
17848,Tshirts,6,0.8223066449165344,0.8278950850168864,0.8139239847660065,0.6
17929,Track Pants,10,0.8920880496501923,0.8920880496501923,,1.0
17948,Track Pants,5,0.9076033711433411,0.9074284911155701,0.9077782511711121,0.5
17980,Casual Shoes,9,0.8417618811130524,0.8442347513304816,0.819506049156189,0.9
17983,Backpacks,10,0.8436018526554108,0.8436018526554108,,1.0
17989,Belts,10,0.8872386455535889,0.8872386455535889,,1.0
18051,Wallets,9,0.7637766122817993,0.7678924401601156,0.7267341613769531,0.9
18240,Tshirts,10,0.8907656788825988,0.8907656788825988,,1.0
18402,Casual Shoes,9,0.8497890710830689,0.8486713369687399,0.85984867811203,0.9
18411,Sports Shoes,6,0.7642325639724732,0.7789174218972524,0.7422052770853043,0.6
18459,Deodorant,10,0.8065681993961334,0.8065681993961334,,1.0
18697,Briefs,10,0.8205329060554505,0.8205329060554505,,1.0
18704,Briefs,9,0.9000726163387298,0.8974860045644972,0.9233521223068237,0.9
18715,Tops,8,0.8671746730804444,0.8690745159983635,0.8595753014087677,0.8
18736,Dresses,2,0.8168415367603302,0.8434088230133057,0.8101997151970863,0.2
18748,Tops,5,0.825327581167221,0.8237049102783203,0.8269502520561218,0.5
18798,Handbags,8,0.5974333763122559,0.598485179245472,0.5932261645793915,0.8
18859,Tshirts,7,0.9292039334774017,0.9300222226551601,0.9272945920626322,0.7
18860,Tshirts,7,0.8022286057472229,0.8058095744677952,0.7938730120658875,0.7
18883,Shirts,9,0.8226073563098908,0.8239655097325643,0.8103839755058289,0.9
18894,Dresses,3,0.7385655820369721,0.7490941087404887,0.7340533563068935,0.3
18924,Tshirts,10,0.9084399104118347,0.9084399104118347,,1.0
18969,Sweaters,7,0.9048985600471496,0.906438546521323,0.9013052582740784,0.7
19033,Flats,6,0.7707370579242706,0.7700919608275095,0.7717047035694122,0.6
19089,Kurtas,5,0.8069703578948975,0.8091413855552674,0.8047993302345275,0.5
19119,Flip Flops,8,0.8009196698665619,0.8002946972846985,0.8034195601940155,0.8
19172,Tshirts,4,0.8694942712783813,0.8753189593553543,0.8656111458937327,0.4
19317,Backpacks,9,0.7389914929866791,0.7368676463762919,0.7581061124801636,0.9
19324,Sweatshirts,0,0.8397967636585235,,0.8397967636585235,0.0
19344,Wallets,10,0.9353173494338989,0.9353173494338989,,1.0
19517,Sweaters,0,0.8872436463832856,,0.8872436463832856,0.0
19569,Tshirts,10,0.7509690046310424,0.7509690046310424,,1.0
19589,Tops,6,0.8234067320823669,0.8210578759511312,0.8269300162792206,0.6
19628,Tshirts,10,0.9506010115146637,0.9506010115146637,,1.0
19678,Tops,4,0.8361435651779174,0.8400109708309174,0.8335652947425842,0.4
19715,Shirts,10,0.9098579704761505,0.9098579704761505,,1.0
19734,Shirts,1,0.8514275074005127,0.8503576517105103,0.8515463802549574,0.1
19915,Waist Pouch,2,0.6849429130554199,0.7269667685031891,0.6744369491934776,0.2
19944,Backpacks,10,0.6697704076766968,0.6697704076766968,,1.0
19962,Sweaters,5,0.7401444792747498,0.7824090719223022,0.6978798866271972,0.5
20065,Belts,8,0.774275255203247,0.7795538827776909,0.7531607449054718,0.8
20191,Tshirts,5,0.8463148772716522,0.8469732642173767,0.8456564903259277,0.5
20531,Wallets,3,0.6481439352035523,0.6942625641822815,0.6283788084983826,0.3
20585,Wallets,10,0.7686082422733307,0.7686082422733307,,1.0
20625,Wallets,9,0.6960854291915893,0.699449810716841,0.665805995464325,0.9
20686,Casual Shoes,5,0.8783941209316254,0.8788101434707641,0.8779780983924865,0.5
20729,Casual Shoes,4,0.7005202829837799,0.7000998705625534,0.7008005579312643,0.4
20863,Wallets,10,0.8713676810264588,0.8713676810264588,,1.0
20891,Casual Shoes,10,0.7925162017345428,0.7925162017345428,,1.0
20940,Flip Flops,7,0.7573040425777435,0.7537387439182827,0.7656230727831522,0.7
20944,Flip Flops,9,0.740648764371872,0.7417188485463461,0.7310180068016052,0.9
21014,Wallets,2,0.7210376262664795,0.6980135440826416,0.726793646812439,0.2
21091,Casual Shoes,9,0.8129177451133728,0.809965451558431,0.8394883871078491,0.9
21132,Tops,7,0.8096600592136383,0.8074677331107003,0.8147754867871603,0.7
21152,Tshirts,3,0.881851190328598,0.8857094248135885,0.8801976612636021,0.3
21172,Tunics,0,0.8371418178081512,,0.8371418178081512,0.0
21189,Backpacks,10,0.7314440131187439,0.7314440131187439,,1.0
21263,Backpacks,10,0.7482317328453064,0.7482317328453064,,1.0
21269,Backpacks,10,0.6036565780639649,0.6036565780639649,,1.0
21274,Sunglasses,10,0.8859610259532928,0.8859610259532928,,1.0
21435,Backpacks,10,0.6956419229507447,0.6956419229507447,,1.0
21487,Handbags,10,0.7167903125286103,0.7167903125286103,,1.0
21556,Handbags,10,0.7776058673858642,0.7776058673858642,,1.0
21559,Handbags,8,0.7983362972736359,0.8032608330249786,0.7786381542682648,0.8
21611,Bra,10,0.8173833429813385,0.8173833429813385,,1.0
21628,Bra,10,0.8132770955562592,0.8132770955562592,,1.0
21669,Watches,10,0.7653999269008637,0.7653999269008637,,1.0
21778,Belts,10,0.8914051055908203,0.8914051055908203,,1.0
21926,Kurtas,7,0.8288489699363708,0.828957200050354,0.8285964330037435,0.7
21938,Handbags,10,0.810624486207962,0.810624486207962,,1.0
22171,Sandals,6,0.7548529028892517,0.7552976508935293,0.7541857808828354,0.6
22176,Sports Sandals,2,0.7425128400325776,0.7671031653881073,0.7363652586936951,0.2
22192,Casual Shoes,2,0.8616838693618775,0.8720068037509918,0.8591031357645988,0.2
22203,Sweatshirts,2,0.8082934081554413,0.8094647824764252,0.8080005645751953,0.2
22220,Tshirts,8,0.7380272626876831,0.7421465292572975,0.7215501964092255,0.8
22231,Formal Shoes,9,0.8943305909633636,0.8923166990280151,0.9124556183815002,0.9
22266,Heels,5,0.7627424836158753,0.7609982967376709,0.7644866704940796,0.5
22311,Heels,8,0.7134705066680909,0.7193328738212585,0.6900210380554199,0.8
22361,Sports Sandals,4,0.8039149522781373,0.7784092277288437,0.8209187686443329,0.4
22617,Tshirts,10,0.9113617062568664,0.9113617062568664,,1.0
22644,Shorts,10,0.9097531318664551,0.9097531318664551,,1.0
22663,Backpacks,10,0.8058565735816956,0.8058565735816956,,1.0
22709,Sports Shoes,10,0.8443157255649567,0.8443157255649567,,1.0
22838,Casual Shoes,10,0.8194594860076905,0.8194594860076905,,1.0
22875,Casual Shoes,10,0.78465456366539,0.78465456366539,,1.0
22883,Sandals,8,0.7232921123504639,0.7248682528734207,0.7169875502586365,0.8
22891,Sandals,9,0.7957760870456696,0.7979525460137261,0.7761879563331604,0.9
22894,Sandals,10,0.7960734724998474,0.7960734724998474,,1.0
22930,Watches,10,0.5783525824546814,0.5783525824546814,,1.0
23035,Shirts,10,0.8913385748863221,0.8913385748863221,,1.0
23100,Accessory Gift Set,10,0.8807091474533081,0.8807091474533081,,1.0
23165,Tshirts,10,0.9275643646717071,0.9275643646717071,,1.0
23168,Tshirts,10,0.9012505233287811,0.9012505233287811,,1.0
23180,Shirts,10,0.9198305904865265,0.9198305904865265,,1.0
23181,Shirts,10,0.8559431672096253,0.8559431672096253,,1.0
23193,Shirts,10,0.8696067452430725,0.8696067452430725,,1.0
23249,Formal Shoes,10,0.8684034764766693,0.8684034764766693,,1.0
23273,Watches,10,0.7874761283397674,0.7874761283397674,,1.0
23304,Kurtas,2,0.8146159410476684,0.8220975995063782,0.812745526432991,0.2
23446,Kurtis,0,0.7382349371910095,,0.7382349371910095,0.0
23494,Casual Shoes,7,0.8120424389839173,0.8152927926608494,0.8044582804044088,0.7
23666,Shirts,10,0.8408176958560943,0.8408176958560943,,1.0
23676,Sandals,10,0.8255799055099488,0.8255799055099488,,1.0
23766,Sunglasses,10,0.7716743648052216,0.7716743648052216,,1.0
23856,Casual Shoes,4,0.785480260848999,0.7873005867004395,0.7842667102813721,0.4
23906,Casual Shoes,5,0.8356239140033722,0.8365435838699341,0.8347042441368103,0.5
23914,Casual Shoes,8,0.8438151895999908,0.8441568836569786,0.8424484133720398,0.8
23989,Shirts,10,0.8962328612804413,0.8962328612804413,,1.0
24074,Flats,2,0.685895836353302,0.6794257164001465,0.6875133663415909,0.2
24100,Sandals,5,0.784635478258133,0.7912835955619812,0.7779873609542847,0.5
24121,Casual Shoes,4,0.6948679745197296,0.6974069625139236,0.6931753158569336,0.4
24311,Shorts,8,0.9442793548107147,0.9469868019223213,0.9334495663642883,0.8
24360,Kurtas,3,0.8351324260234833,0.8737593094507853,0.8185780474117824,0.3
24374,Kurtas,7,0.8380551874637604,0.8394649795123509,0.8347656726837158,0.7
24442,Innerwear Vests,7,0.8652276277542115,0.8694313338824681,0.8554189801216125,0.7
24606,Sweatshirts,4,0.792932641506195,0.8045599311590195,0.7851811150709788,0.4
24637,Sports Shoes,9,0.8324943125247956,0.8339695069524977,0.8192175626754761,0.9
24654,Handbags,9,0.7161683857440948,0.7171902192963494,0.7069718837738037,0.9
24655,Socks,10,0.5704104661941528,0.5704104661941528,,1.0
24668,Casual Shoes,10,0.8062578916549683,0.8062578916549683,,1.0
24711,Casual Shoes,7,0.8389150261878967,0.8338844180107117,0.8506531119346619,0.7
24712,Casual Shoes,9,0.7972059845924377,0.7995233337084452,0.7763498425483704,0.9
24741,Handbags,10,0.7719539046287537,0.7719539046287537,,1.0
24820,Casual Shoes,10,0.8519320249557495,0.8519320249557495,,1.0
24868,Wallets,10,0.9388765037059784,0.9388765037059784,,1.0
24928,Tops,4,0.8443392276763916,0.8381746560335159,0.8484489421049753,0.4
24972,Tshirts,8,0.8916717529296875,0.8946654200553894,0.8796970844268799,0.8
25030,Shorts,10,0.898766678571701,0.898766678571701,,1.0
25073,Accessory Gift Set,10,0.875955480337143,0.875955480337143,,1.0
25110,Belts,10,0.9150066256523133,0.9150066256523133,,1.0
25190,Handbags,10,0.6680505096912384,0.6680505096912384,,1.0
25191,Handbags,10,0.6936636805534363,0.6936636805534363,,1.0
25257,Handbags,10,0.8269352853298187,0.8269352853298187,,1.0
25277,Handbags,10,0.6487275242805481,0.6487275242805481,,1.0
25283,Handbags,9,0.7530910253524781,0.7619721624586318,0.6731607913970947,0.9
25350,Briefs,10,0.8597864508628845,0.8597864508628845,,1.0
25385,Briefs,10,0.9068690836429596,0.9068690836429596,,1.0
25443,Casual Shoes,9,0.7874647617340088,0.7759140597449409,0.8914210796356201,0.9
25491,Sandals,8,0.6989270031452179,0.6994340568780899,0.6968987882137299,0.8
25587,Kurta Sets,9,0.6622572720050812,0.6635194950633578,0.6508972644805908,0.9
25590,Kurta Sets,10,0.7772186279296875,0.7772186279296875,,1.0
25644,Watches,10,0.7739639580249786,0.7739639580249786,,1.0
25705,Tops,4,0.8532484591007232,0.8556511253118515,0.8516466816266378,0.4
25717,Handbags,3,0.5871082544326782,0.577694833278656,0.591142577784402,0.3
25736,Wallets,10,0.6552554607391358,0.6552554607391358,,1.0
25764,Suspenders,10,0.8621178567409515,0.8621178567409515,,1.0
25777,Suspenders,10,0.8922023952007294,0.8922023952007294,,1.0
25779,Suspenders,10,0.7964807868003845,0.7964807868003845,,1.0
25857,Casual Shoes,7,0.831145852804184,0.8349727307047162,0.8222164710362753,0.7
25949,Scarves,7,0.6958963930606842,0.6901750990322658,0.7092460791269938,0.7
25952,Scarves,10,0.6822405755519867,0.6822405755519867,,1.0
25985,Perfume and Body Mist,9,0.6422840714454651,0.6283170249727037,0.7679874897003174,0.9
26197,Perfume and Body Mist,5,0.7310694873332977,0.7377282857894898,0.7244106888771057,0.5
26207,Perfume and Body Mist,4,0.7700932323932648,0.7777942568063736,0.7649592161178589,0.4
26234,Tshirts,10,0.9205569148063659,0.9205569148063659,,1.0
26258,Track Pants,4,0.9333546221256256,0.9348434656858444,0.9323620597521464,0.4
26282,Tshirts,7,0.9140358626842499,0.9141026650156293,0.9138799905776978,0.7
26324,Tracksuits,5,0.8161440968513489,0.832132875919342,0.8001553177833557,0.5
26333,Watches,10,0.7131201028823853,0.7131201028823853,,1.0
26334,Watches,10,0.753545618057251,0.753545618057251,,1.0
26364,Skirts,7,0.831510478258133,0.8341296911239624,0.8253989815711975,0.7
26384,Trousers,10,0.937700355052948,0.937700355052948,,1.0
26396,Shirts,10,0.9107551515102387,0.9107551515102387,,1.0
26412,Shirts,10,0.9144457817077637,0.9144457817077637,,1.0
26493,Tshirts,10,0.7466462075710296,0.7466462075710296,,1.0
26560,Casual Shoes,3,0.8742535948753357,0.8727490901947021,0.8748983825956073,0.3
26594,Sports Shoes,7,0.7332071721553802,0.7396406531333923,0.7181957165400187,0.7
26716,Tshirts,10,0.9385072112083435,0.9385072112083435,,1.0
26720,Tshirts,9,0.9052917003631592,0.9053858121236166,0.904444694519043,0.9
26809,Trousers,10,0.952169930934906,0.952169930934906,,1.0
26838,Trousers,9,0.8696772933006287,0.8702198929256864,0.8647938966751099,0.9
26874,Tshirts,5,0.8471726596355438,0.8487461686134339,0.8455991506576538,0.5
26883,Tshirts,5,0.8545117020606995,0.8614425182342529,0.847580885887146,0.5
26888,Tops,2,0.8590772807598114,0.8700108230113983,0.8563438951969147,0.2
27004,Jeggings,0,0.9077354729175567,,0.9077354729175567,0.0
27349,Tshirts,8,0.866308867931366,0.8679588064551353,0.8597091138362885,0.8
27384,Night suits,10,0.8601062834262848,0.8601062834262848,,1.0
27415,Capris,5,0.9113000690937042,0.909879183769226,0.9127209544181824,0.5
27718,Handbags,10,0.6646868467330933,0.6646868467330933,,1.0
27748,Handbags,9,0.6609724640846253,0.6616690225071378,0.6547034382820129,0.9
27786,Wallets,10,0.8636475563049316,0.8636475563049316,,1.0
27807,Belts,10,0.8943742334842681,0.8943742334842681,,1.0
27815,Belts,10,0.8777436792850495,0.8777436792850495,,1.0
27904,Trousers,8,0.9462170124053955,0.9464563876390457,0.9452595114707947,0.8
28032,Briefs,10,0.7244870781898498,0.7244870781898498,,1.0
28049,Briefs,10,0.8494799613952637,0.8494799613952637,,1.0
28147,Innerwear Vests,6,0.7266288578510285,0.7393086155255636,0.7076092213392258,0.6
28252,Deodorant,9,0.8177805662155151,0.8212240404552884,0.7867892980575562,0.9
28305,Sunglasses,10,0.9170453190803528,0.9170453190803528,,1.0
28388,Sunglasses,10,0.876022893190384,0.876022893190384,,1.0
28464,Capris,1,0.8320297181606293,0.8158409595489502,0.8338284691174825,0.1
28480,Tshirts,10,0.9119776666164399,0.9119776666164399,,1.0
28544,Shorts,10,0.8608314454555511,0.8608314454555511,,1.0
28556,Tshirts,10,0.7690255343914032,0.7690255343914032,,1.0
28618,Tshirts,4,0.7201921164989471,0.7505858838558197,0.6999296049276987,0.4
28705,Kurtas,3,0.8243487715721131,0.8210029800732931,0.8257826822144645,0.3
28711,Kurtas,9,0.8043794155120849,0.8037646214167277,0.8099125623703003,0.9
28733,Kurtas,8,0.7844239413738251,0.7850377559661865,0.7819686830043793,0.8
28828,Briefs,10,0.834315437078476,0.834315437078476,,1.0
28888,Briefs,10,0.8625666797161102,0.8625666797161102,,1.0
28968,Kurta Sets,6,0.633355337381363,0.642282098531723,0.6199651956558228,0.6
28977,Kurta Sets,5,0.7198726832866669,0.717528760433197,0.7222166061401367,0.5
28996,Tshirts,10,0.863352382183075,0.863352382183075,,1.0
29015,Tshirts,10,0.9117627322673798,0.9117627322673798,,1.0
29061,Tshirts,8,0.8450597882270813,0.8473647087812424,0.835840106010437,0.8
29130,Sunglasses,10,0.9034778475761414,0.9034778475761414,,1.0
29187,Tops,6,0.827994191646576,0.8324937423070272,0.821244865655899,0.6
29221,Socks,10,0.733075225353241,0.733075225353241,,1.0
29292,Shirts,9,0.9129781246185302,0.9137321048312717,0.9061923027038574,0.9
29314,Backpacks,9,0.6099913060665131,0.6073547866609361,0.6337199807167053,0.9
29414,Watches,10,0.7828903019428253,0.7828903019428253,,1.0
29608,Shirts,10,0.9052342176437378,0.9052342176437378,,1.0
29642,Shirts,10,0.9049954056739807,0.9049954056739807,,1.0
29650,Shirts,10,0.9100464105606079,0.9100464105606079,,1.0
29733,Handbags,10,0.7981101155281067,0.7981101155281067,,1.0
29786,Tshirts,10,0.9081680059432984,0.9081680059432984,,1.0
29931,Watches,10,0.6922971487045289,0.6922971487045289,,1.0
30040,Watches,10,0.7520146787166595,0.7520146787166595,,1.0
30067,Watches,10,0.6568752288818359,0.6568752288818359,,1.0
30159,Wallets,10,0.8836502194404602,0.8836502194404602,,1.0
30338,Tshirts,10,0.8775421738624573,0.8775421738624573,,1.0
30342,Tshirts,9,0.80265993475914,0.803683684931861,0.7934461832046509,0.9
30557,Sunglasses,10,0.9069936335086822,0.9069936335086822,,1.0
30673,Sunglasses,10,0.9230879545211792,0.9230879545211792,,1.0
30684,Sunglasses,10,0.8734300673007965,0.8734300673007965,,1.0
30721,Kurtas,4,0.7584300339221954,0.7971019893884659,0.7326487302780151,0.4
30735,Churidar,3,0.7408920884132385,0.8689545194307963,0.6860081894057137,0.3
30743,Kurtas,5,0.8633825957775116,0.884186327457428,0.8425788640975952,0.5
30775,Kurtas,1,0.8694582283496857,0.8654690980911255,0.8699014650450813,0.1
30911,Kurtis,0,0.7940178453922272,,0.7940178453922272,0.0
31112,Capris,6,0.7928620159626008,0.8316531678040823,0.7346752882003784,0.6
31114,Capris,7,0.8899064362049103,0.9041361383029393,0.8567037979761759,0.7
31155,Tshirts,10,0.8868684470653534,0.8868684470653534,,1.0
31196,Wallets,4,0.5180627703666687,0.5839641392230988,0.474128524462382,0.4
31212,Sports Shoes,7,0.7076377511024475,0.7033783963748387,0.717576245466868,0.7
31216,Casual Shoes,5,0.7890840768814087,0.7933743953704834,0.784793758392334,0.5
31217,Casual Shoes,9,0.7697933435440063,0.7701665825313992,0.7664341926574707,0.9
31241,Tshirts,2,0.876899927854538,0.9263577461242676,0.8645354732871056,0.2
31262,Tshirts,10,0.9360744833946228,0.9360744833946228,,1.0
31273,Tshirts,10,0.9315961599349976,0.9315961599349976,,1.0
31292,Tops,7,0.8292892575263977,0.8288871135030474,0.8302275935808817,0.7
31337,Jeans,10,0.937375831604004,0.937375831604004,,1.0
31358,Tshirts,10,0.8332567691802979,0.8332567691802979,,1.0
31452,Tshirts,0,0.8414815187454223,,0.8414815187454223,0.0
31551,Casual Shoes,7,0.811445540189743,0.8097419909068516,0.8154204885164896,0.7
31715,Earrings,9,0.6116963446140289,0.6164855493439568,0.5685935020446777,0.9
31855,Watches,10,0.6698152840137481,0.6698152840137481,,1.0
31891,Stoles,10,0.8482661485671997,0.8482661485671997,,1.0
31956,Sports Shoes,5,0.811775004863739,0.812576687335968,0.81097332239151,0.5
32044,Socks,10,0.785252720117569,0.785252720117569,,1.0
32158,Socks,10,0.7021611452102661,0.7021611452102661,,1.0
32159,Socks,10,0.7164192616939544,0.7164192616939544,,1.0
32190,Sports Shoes,10,0.8213968753814698,0.8213968753814698,,1.0
32209,Kurtas,9,0.814325213432312,0.8156903319888644,0.8020391464233398,0.9
32223,Kurtas,6,0.823653107881546,0.8224260608355204,0.8254936784505844,0.6
32236,Kurtas,6,0.8251594066619873,0.821142186721166,0.8311852365732193,0.6
32238,Kurtas,9,0.7766571521759034,0.7771848572625054,0.7719078063964844,0.9
32256,Tunics,0,0.806668347120285,,0.806668347120285,0.0
32292,Watches,10,0.729339349269867,0.729339349269867,,1.0
32329,Watches,10,0.8136552810668946,0.8136552810668946,,1.0
32357,Watches,10,0.8307051122188568,0.8307051122188568,,1.0
32417,Tshirts,10,0.8602484107017517,0.8602484107017517,,1.0
32495,Casual Shoes,9,0.781619930267334,0.7811489899953207,0.7858583927154541,0.9
32619,Tshirts,4,0.7655437409877777,0.7732096910476685,0.7604331076145172,0.4
32625,Tshirts,10,0.855891364812851,0.855891364812851,,1.0
32780,Tshirts,10,0.8082510948181152,0.8082510948181152,,1.0
32972,Tshirts,10,0.9123615622520447,0.9123615622520447,,1.0
33064,Shirts,10,0.8516271531581878,0.8516271531581878,,1.0
33082,Tshirts,10,0.8375877857208252,0.8375877857208252,,1.0
33183,Tunics,1,0.8504540503025055,0.8415747284889221,0.8514406416151259,0.1
33184,Tops,6,0.8075067877769471,0.811214824517568,0.8019447326660156,0.6
33210,Tops,4,0.810960054397583,0.808726504445076,0.8124490876992544,0.4
33225,Dresses,2,0.8245678246021271,0.8632415235042572,0.8148993998765945,0.2
33293,Shirts,10,0.9005017161369324,0.9005017161369324,,1.0
33328,Shirts,10,0.9205804944038392,0.9205804944038392,,1.0
33351,Formal Shoes,9,0.8296856641769409,0.8310518330997891,0.8173901438713074,0.9
33388,Wallets,8,0.6913875997066498,0.6919560879468918,0.6891136467456818,0.8
33455,Handbags,6,0.5686516106128693,0.5751465161641439,0.5589092522859573,0.6
33463,Belts,10,0.8357770681381226,0.8357770681381226,,1.0
33538,Jeans,7,0.9450030088424682,0.9454007915088108,0.9440748492876688,0.7
33557,Tshirts,4,0.7469483017921448,0.7516536861658096,0.7438113788763682,0.4
33559,Tshirts,8,0.8024636805057526,0.8006892278790474,0.8095614910125732,0.8
33570,Tshirts,9,0.8550654172897338,0.8559588458802965,0.8470245599746704,0.9
33649,Sandals,8,0.7720855593681335,0.777494266629219,0.7504507303237915,0.8
33660,Sandals,7,0.7598331987857818,0.7624240687915257,0.7537878354390463,0.7
33735,Clutches,0,0.7526665389537811,,0.7526665389537811,0.0
33756,Tops,9,0.8774814903736115,0.8790393206808302,0.8634610176086426,0.9
33764,Casual Shoes,4,0.7890775799751282,0.7826326936483383,0.7933741708596548,0.4
33922,Watches,10,0.7336858808994293,0.7336858808994293,,1.0
33955,Tshirts,5,0.890809166431427,0.898142647743225,0.8834756851196289,0.5
33997,Dresses,0,0.8203440606594086,,0.8203440606594086,0.0
34000,Tops,2,0.8617473363876342,0.8585727512836456,0.8625409826636314,0.2
34004,Tops,5,0.8027501225471496,0.8490390181541443,0.756461226940155,0.5
34033,Shirts,10,0.8796335995197296,0.8796335995197296,,1.0
34038,Shirts,10,0.8833732724189758,0.8833732724189758,,1.0
34081,Casual Shoes,5,0.8497352540493012,0.8538290977478027,0.8456414103507995,0.5
34088,Casual Shoes,7,0.8302215218544007,0.8307779005595616,0.8289233048756918,0.7
34107,Tops,10,0.8334184765815735,0.8334184765815735,,1.0
34114,Dresses,7,0.6368912935256958,0.6614342246736798,0.5796244541803995,0.7
34164,Tops,10,0.8794757604599,0.8794757604599,,1.0
34186,Tshirts,5,0.8482718825340271,0.8590956091880798,0.8374481558799743,0.5
34217,Tshirts,10,0.9431943774223328,0.9431943774223328,,1.0
34294,Dupatta,8,0.7636341750621796,0.7685357332229614,0.7440279424190521,0.8
34335,Tshirts,10,0.8596046328544616,0.8596046328544616,,1.0
34354,Tshirts,9,0.7972638726234436,0.7993358969688416,0.7786156535148621,0.9
34395,Tshirts,10,0.8636025547981262,0.8636025547981262,,1.0
34471,Sports Sandals,6,0.8153773128986359,0.820548544327418,0.8076204657554626,0.6
34493,Skirts,5,0.8142764747142792,0.8168382406234741,0.8117147088050842,0.5
34535,Formal Shoes,9,0.898712819814682,0.8998692962858412,0.8883045315742493,0.9
34539,Formal Shoes,10,0.8216146945953369,0.8216146945953369,,1.0
34635,Casual Shoes,5,0.8072757661342621,0.8097438931465148,0.8048076391220093,0.5
34749,Casual Shoes,6,0.7750844895839691,0.7728761732578278,0.7783969640731812,0.6
34769,Handbags,8,0.711654531955719,0.7465518191456795,0.5720653831958771,0.8
35019,Stoles,8,0.7967970132827759,0.7949495762586594,0.8041867613792419,0.8
35265,Tops,4,0.8177438318729401,0.8138271272182465,0.8203549683094025,0.4
35322,Earrings,9,0.6579782009124756,0.6620065768559774,0.6217228174209595,0.9
35383,Casual Shoes,5,0.7155320286750794,0.7424542546272278,0.6886098027229309,0.5
35434,Dresses,10,0.7181314289569855,0.7181314289569855,,1.0
35562,Sandals,2,0.6354041159152984,0.6377112865447998,0.6348273232579231,0.2
35690,Casual Shoes,8,0.7422627627849578,0.7440575808286667,0.7350834906101227,0.8
35808,Heels,5,0.7035316526889801,0.7009405016899108,0.7061228036880494,0.5
35918,Handbags,9,0.7580388784408569,0.7574466798040602,0.7633686661720276,0.9
35938,Sports Shoes,8,0.7858741104602813,0.7890817075967789,0.7730437219142914,0.8
36036,Handbags,5,0.6766624033451081,0.6981315851211548,0.6551932215690612,0.5
36073,Duffel Bag,9,0.6684696555137635,0.6814862026108636,0.5513207316398621,0.9
36089,Caps,10,0.7484894633293152,0.7484894633293152,,1.0
36298,Kurtas,5,0.8462142050266266,0.841000497341156,0.8514279127120972,0.5
36321,Tshirts,9,0.8315939486026764,0.8315897848871019,0.8316314220428467,0.9
36437,Casual Shoes,6,0.7142519533634186,0.7139501969019572,0.7147045880556107,0.6
36445,Sports Shoes,5,0.8198254704475403,0.8114610433578491,0.8281898975372315,0.5
36716,Tshirts,10,0.8692240834236145,0.8692240834236145,,1.0
36790,Watches,10,0.8008759021759033,0.8008759021759033,,1.0
36803,Watches,10,0.7034350037574768,0.7034350037574768,,1.0
36814,Kurtas,8,0.7815834999084472,0.7814486250281334,0.7821229994297028,0.8
36938,Perfume and Body Mist,9,0.6306235492229462,0.6342513230111864,0.5979735851287842,0.9
36987,Clutches,3,0.6946620464324951,0.7196889917055765,0.6839362127440316,0.3
37082,Handbags,10,0.816111958026886,0.816111958026886,,1.0
37142,Shirts,10,0.8643808484077453,0.8643808484077453,,1.0
37191,Tshirts,10,0.8641945958137512,0.8641945958137512,,1.0
37200,Jeans,10,0.9232514083385468,0.9232514083385468,,1.0
37206,Jeans,10,0.9320569157600402,0.9320569157600402,,1.0
37240,Casual Shoes,9,0.7993242561817169,0.7997206118371751,0.7957570552825928,0.9
37243,Casual Shoes,8,0.8380767941474915,0.8437275737524033,0.8154736757278442,0.8
37324,Watches,10,0.7531707465648652,0.7531707465648652,,1.0
37488,Watches,6,0.6441976964473725,0.669380764166514,0.60642309486866,0.6
37624,Tshirts,10,0.8440167963504791,0.8440167963504791,,1.0
37625,Tshirts,10,0.8370399236679077,0.8370399236679077,,1.0
37672,Backpacks,10,0.7159241497516632,0.7159241497516632,,1.0
37751,Shirts,10,0.843101578950882,0.843101578950882,,1.0
37765,Shirts,10,0.8257133424282074,0.8257133424282074,,1.0
37810,Shirts,10,0.834602564573288,0.834602564573288,,1.0
37847,Wallets,9,0.9191272139549256,0.9196523560418023,0.9144009351730347,0.9
37887,Socks,10,0.6172983467578887,0.6172983467578887,,1.0
37907,Perfume and Body Mist,6,0.7042611718177796,0.7667084236939748,0.6105902940034866,0.6
37971,Heels,4,0.7311090052127838,0.7362777590751648,0.7276631693045298,0.4
38121,Trousers,10,0.908221709728241,0.908221709728241,,1.0
38142,Backpacks,9,0.6641103088855743,0.6645583179261949,0.660078227519989,0.9
38227,Sunglasses,10,0.9405941009521485,0.9405941009521485,,1.0
38316,Handbags,5,0.6441202700138092,0.6379512906074524,0.650289249420166,0.5
38335,Tops,1,0.8206008911132813,0.8163231611251831,0.8210761944452921,0.1
38377,Belts,10,0.897838932275772,0.897838932275772,,1.0
38397,Tshirts,10,0.8435426712036133,0.8435426712036133,,1.0
38416,Belts,10,0.8706931293010711,0.8706931293010711,,1.0
38423,Wallets,10,0.6932727038860321,0.6932727038860321,,1.0
38460,Mobile Pouch,2,0.6207664489746094,0.615306556224823,0.622131422162056,0.2
38540,Casual Shoes,2,0.8392906963825226,0.8416253328323364,0.8387070372700691,0.2
38566,Shorts,10,0.9130615770816803,0.9130615770816803,,1.0
38591,Tshirts,8,0.7246767401695251,0.7251099422574043,0.7229439318180084,0.8
38652,Casual Shoes,5,0.8546492040157319,0.8600050330162048,0.8492933750152588,0.5
38692,Handbags,4,0.569405484199524,0.6036581695079803,0.546570360660553,0.4
38836,Dresses,5,0.8377811014652252,0.8429230093955994,0.832639193534851,0.5
38968,Rucksacks,6,0.7161919951438904,0.717909018198649,0.7136164605617523,0.6
39019,Watches,10,0.8348442256450653,0.8348442256450653,,1.0
39027,Watches,10,0.8135501503944397,0.8135501503944397,,1.0
39064,Tshirts,10,0.85414137840271,0.85414137840271,,1.0
39147,Kurta Sets,3,0.7808341979980469,0.7841951251029968,0.7793938006673541,0.3
39236,Tops,10,0.8039471566677093,0.8039471566677093,,1.0
39295,Sandals,8,0.8188331544399261,0.8250756710767746,0.7938630878925323,0.8
39380,Jeans,9,0.9350478887557984,0.9355697565608554,0.9303510785102844,0.9
39384,Jeans,10,0.9183841645717621,0.9183841645717621,,1.0
39397,Tshirts,3,0.8682992160320282,0.883592963218689,0.8617447529520307,0.3
39530,Bra,10,0.8910643637180329,0.8910643637180329,,1.0
39533,Bra,10,0.8920009732246399,0.8920009732246399,,1.0
39901,Sports Shoes,3,0.7608981013298035,0.7808793584505717,0.7523347054209027,0.3
39922,Laptop Bag,5,0.7122769892215729,0.7128484368324279,0.7117055416107178,0.5
39968,Casual Shoes,9,0.8366129398345947,0.8372714519500732,0.8306863307952881,0.9
40108,Track Pants,6,0.9149539828300476,0.9207193652788798,0.9063059091567993,0.6
40255,Shirts,10,0.9122444331645966,0.9122444331645966,,1.0
40272,Tshirts,10,0.8541643738746643,0.8541643738746643,,1.0
40381,Tops,2,0.8628840565681457,0.8656648099422455,0.8621888682246208,0.2
40435,Tops,2,0.8136582374572754,0.8458793759346008,0.805602952837944,0.2
40483,Sports Shoes,6,0.8334051072597504,0.8329312205314636,0.8341159373521805,0.6
40524,Watches,9,0.7676571667194366,0.767073757118649,0.7729078531265259,0.9
40557,Watches,10,0.8363954603672028,0.8363954603672028,,1.0
40565,Kurtas,9,0.8423500835895539,0.8401333822144402,0.8623003959655762,0.9
40568,Kurtas,7,0.7427937388420105,0.7418834141322544,0.7449178298314413,0.7
40570,Kurtas,8,0.8276583015918731,0.8267239704728127,0.8313956260681152,0.8
40592,Kurtas,7,0.815902829170227,0.8125350901058742,0.8237608869870504,0.7
40606,Kurtas,5,0.867626965045929,0.8691395282745361,0.8661144018173218,0.5
40643,Kurtas,4,0.8262281537055969,0.8403588533401489,0.8168076872825623,0.4
40671,Shirts,7,0.7993037521839141,0.8001131330217633,0.7974151968955994,0.7
40689,Formal Shoes,5,0.8412525951862335,0.8360323071479797,0.8464728832244873,0.5
40991,Tops,5,0.8085426151752472,0.8561010003089905,0.760984230041504,0.5
41030,Watches,9,0.8035443246364593,0.8056324786610074,0.7847509384155273,0.9
41036,Watches,10,0.7625292360782623,0.7625292360782623,,1.0
41245,Belts,10,0.9184842824935913,0.9184842824935913,,1.0
41275,Wallets,10,0.939749026298523,0.939749026298523,,1.0
41331,Dupatta,1,0.6597438335418702,0.6419267058372498,0.6617235143979391,0.1
41387,Tops,0,0.8010380506515503,,0.8010380506515503,0.0
41529,Belts,10,0.8494090795516968,0.8494090795516968,,1.0
41608,Shirts,10,0.8654238641262054,0.8654238641262054,,1.0
41681,Heels,9,0.6782795429229737,0.6805421312650045,0.657916247844696,0.9
41726,Heels,5,0.7104503452777863,0.7276824474334717,0.6932182431221008,0.5
41759,Dresses,2,0.6177808761596679,0.7851503491401672,0.5759385079145432,0.2
41796,Tunics,0,0.7074028432369233,,0.7074028432369233,0.0
41864,Sandals,5,0.6809709906578064,0.6696188926696778,0.6923230886459351,0.5
41870,Sandals,7,0.8198963761329651,0.8232706189155579,0.8120231429735819,0.7
41907,Fragrance Gift Set,3,0.6982761025428772,0.7902433673540751,0.6588615604809352,0.3
41972,Tops,9,0.8261074721813202,0.8358545833163791,0.7383834719657898,0.9
41979,Tshirts,10,0.7873520314693451,0.7873520314693451,,1.0
42038,Sports Shoes,5,0.7708484053611755,0.7799954175949096,0.7617013931274415,0.5
42138,Sports Shoes,10,0.8562413871288299,0.8562413871288299,,1.0
42309,Sarees,10,0.699897563457489,0.699897563457489,,1.0
42410,Briefs,10,0.9234978497028351,0.9234978497028351,,1.0
42583,Waistcoat,0,0.7119253695011138,,0.7119253695011138,0.0
42587,Tshirts,10,0.8461102485656739,0.8461102485656739,,1.0
42598,Shirts,10,0.8792087733745575,0.8792087733745575,,1.0
42636,Bracelet,10,0.8366484344005585,0.8366484344005585,,1.0
42674,Kurtas,8,0.8535281002521515,0.8488365039229393,0.8722944855690002,0.8
42699,Flats,3,0.7492419838905334,0.7549967964490255,0.7467756356511798,0.3
42812,Briefs,2,0.8226171135902405,0.8496038913726807,0.8158704191446304,0.2
42873,Handbags,10,0.7436339199543,0.7436339199543,,1.0
42889,Clutches,2,0.7010855078697205,0.7134447693824768,0.6979956924915314,0.2
42890,Handbags,2,0.6343125164508819,0.7394919395446777,0.608017660677433,0.2
42899,Belts,10,0.8815559864044189,0.8815559864044189,,1.0
42957,Belts,10,0.924648255109787,0.924648255109787,,1.0
43020,Briefs,10,0.8841211497783661,0.8841211497783661,,1.0
43059,Tshirts,10,0.85097536444664,0.85097536444664,,1.0
43064,Tshirts,10,0.8774004220962525,0.8774004220962525,,1.0
43178,Watches,10,0.7216659247875213,0.7216659247875213,,1.0
43184,Watches,9,0.7852606654167176,0.7853390177090963,0.7845554947853088,0.9
43207,Watches,10,0.7310907185077667,0.7310907185077667,,1.0
43273,Handbags,10,0.8004963099956512,0.8004963099956512,,1.0
43280,Handbags,10,0.7698849201202392,0.7698849201202392,,1.0
43290,Handbags,10,0.79254110455513,0.79254110455513,,1.0
43322,Tops,2,0.7886580467224121,0.7962144613265991,0.7867689430713654,0.2
43381,Flip Flops,9,0.7978647232055665,0.8046415779325697,0.7368730306625366,0.9
43389,Wallets,10,0.944491058588028,0.944491058588028,,1.0
43400,Socks,10,0.655383437871933,0.655383437871933,,1.0
43402,Socks,10,0.7292538642883301,0.7292538642883301,,1.0
43468,Night suits,9,0.8141721010208129,0.8132513496610854,0.8224588632583618,0.9
43613,Tshirts,10,0.882016533613205,0.882016533613205,,1.0
43789,Earrings,10,0.723566883802414,0.723566883802414,,1.0
43821,Earrings,10,0.6997313737869263,0.6997313737869263,,1.0
43919,Dresses,4,0.8263418138027191,0.8215048462152481,0.8295664588610331,0.4
43978,Perfume and Body Mist,8,0.6301989674568176,0.6515754088759422,0.5446932017803192,0.8
44051,Perfume and Body Mist,10,0.7298336803913117,0.7298336803913117,,1.0
44096,Deodorant,9,0.7919849634170533,0.7950601577758789,0.7643082141876221,0.9
44098,Perfume and Body Mist,6,0.7245127916336059,0.7028697629769644,0.7569773346185684,0.6
44101,Perfume and Body Mist,6,0.7204400897026062,0.7375732262929281,0.6947403848171234,0.6
44127,Deodorant,5,0.7880190491676331,0.7925447225570679,0.7834933757781982,0.5
44185,Perfume and Body Mist,10,0.8793388724327087,0.8793388724327087,,1.0
44252,Handbags,8,0.573924458026886,0.5772294998168945,0.5607042908668518,0.8
44253,Wallets,6,0.6324820160865784,0.6394658088684082,0.6220063269138336,0.6
44272,Wallets,10,0.9332435131072998,0.9332435131072998,,1.0
44511,Sandals,10,0.8569876432418824,0.8569876432418824,,1.0
44535,Sandals,9,0.8245918810367584,0.8207341565026177,0.8593114018440247,0.9
44588,Shirts,10,0.8973651885986328,0.8973651885986328,,1.0
44732,Flip Flops,9,0.7225080728530884,0.7245783607165018,0.7038754820823669,0.9
44747,Casual Shoes,6,0.7960682213306427,0.7965522209803263,0.7953422218561172,0.6
44780,Casual Shoes,8,0.8096454441547394,0.8115627244114876,0.8019763231277466,0.8
44781,Casual Shoes,7,0.8211069405078888,0.8189669166292463,0.8261003295580546,0.7
44783,Sports Shoes,10,0.8323310911655426,0.8323310911655426,,1.0
44877,Tshirts,9,0.8978627026081085,0.8983404437700907,0.8935630321502686,0.9
44903,Tshirts,10,0.8162964224815369,0.8162964224815369,,1.0
44905,Track Pants,0,0.9095654189586639,,0.9095654189586639,0.0
44907,Tshirts,10,0.8701238214969635,0.8701238214969635,,1.0
44939,Formal Shoes,8,0.8792011201381683,0.878405250608921,0.8823845982551575,0.8
44945,Trousers,3,0.9235233426094055,0.9240228136380514,0.9233092835971287,0.3
44978,Watches,10,0.6096520066261292,0.6096520066261292,,1.0
45045,Watches,9,0.7755343854427338,0.7781201534801059,0.7522624731063843,0.9
45086,Night suits,2,0.743135541677475,0.7548237442970276,0.7402134910225868,0.2
45118,Watches,10,0.8259255766868592,0.8259255766868592,,1.0
45160,Watches,10,0.7726652443408966,0.7726652443408966,,1.0
45217,Watches,10,0.7285075545310974,0.7285075545310974,,1.0
45236,Watches,10,0.767052435874939,0.767052435874939,,1.0
45238,Watches,10,0.7186513066291809,0.7186513066291809,,1.0
45289,Watches,10,0.7305435001850128,0.7305435001850128,,1.0
45331,Heels,7,0.7271115064620972,0.7365220614842006,0.7051535447438558,0.7
45332,Heels,10,0.7149456381797791,0.7149456381797791,,1.0
45361,Heels,6,0.8282247126102448,0.8476855357487997,0.7990334779024124,0.6
45659,Innerwear Vests,10,0.8300351977348328,0.8300351977348328,,1.0
45872,Watches,10,0.771106219291687,0.771106219291687,,1.0
45883,Watches,10,0.8184498012065887,0.8184498012065887,,1.0
46001,Sarees,10,0.7293769299983979,0.7293769299983979,,1.0
46066,Belts,10,0.8251784801483154,0.8251784801483154,,1.0
46151,Necklace and Chains,9,0.6830824136734008,0.687253905667199,0.6455389857292175,0.9
46160,Necklace and Chains,8,0.47524228394031526,0.4850889891386032,0.4358554631471634,0.8
46251,Tunics,1,0.7983144283294678,0.8030037879943848,0.7977933883666992,0.1
46285,Dresses,1,0.7384193539619446,0.7398631572723389,0.7382589313719008,0.1
46309,Watches,10,0.7992137134075165,0.7992137134075165,,1.0
46317,Watches,9,0.8256822764873505,0.8277220196194119,0.8073245882987976,0.9
46324,Sports Shoes,10,0.8057387053966523,0.8057387053966523,,1.0
46397,Shirts,10,0.841974002122879,0.841974002122879,,1.0
46426,Watches,10,0.7673174917697907,0.7673174917697907,,1.0
46549,Watches,10,0.7655330121517181,0.7655330121517181,,1.0
46667,Deodorant,10,0.785072386264801,0.785072386264801,,1.0
46691,Perfume and Body Mist,5,0.6527683019638062,0.6578604578971863,0.647676146030426,0.5
46721,Perfume and Body Mist,9,0.6404773533344269,0.642398284541236,0.6231889724731445,0.9
46723,Perfume and Body Mist,7,0.6922240674495697,0.6947795237813678,0.6862613360087076,0.7
46768,Perfume and Body Mist,8,0.6459202527999878,0.6564312130212784,0.6038764119148254,0.8
46897,Deodorant,6,0.6449496269226074,0.6404757002989451,0.6516605168581009,0.6
46965,Handbags,10,0.8232840597629547,0.8232840597629547,,1.0
47000,Kurtas,7,0.8085574984550477,0.8052943519183567,0.8161715070406595,0.7
47025,Kurtas,10,0.8752443075180054,0.8752443075180054,,1.0
47033,Kurtas,4,0.8165214419364929,0.8163609653711319,0.8166284263134003,0.4
47041,Salwar,6,0.7475684940814972,0.7628746827443441,0.7246092110872269,0.6
47101,Sandals,2,0.7381815433502197,0.7447973191738129,0.7365275993943214,0.2
47109,Casual Shoes,0,0.7748106777667999,,0.7748106777667999,0.0
47179,Sandals,9,0.7694738626480102,0.7704874012205336,0.7603520154953003,0.9
47196,Sandals,8,0.8340975821018219,0.8404369279742241,0.8087401986122131,0.8
47199,Formal Shoes,9,0.9000895082950592,0.8988534940613641,0.9112136363983154,0.9
47332,Wallets,10,0.7469299137592316,0.7469299137592316,,1.0
47349,Handbags,10,0.8108140528202057,0.8108140528202057,,1.0
47365,Mobile Pouch,2,0.6038788974285125,0.7300578951835632,0.5723341479897499,0.2
47367,Handbags,10,0.7682446420192719,0.7682446420192719,,1.0
47452,Flats,2,0.77622030377388,0.8069935441017151,0.7685269936919212,0.2
47574,Heels,9,0.8098742961883545,0.8116814295450846,0.7936100959777832,0.9
47588,Flats,4,0.7746658623218536,0.7843717932701111,0.768195241689682,0.4
47666,Scarves,1,0.7938684523105621,0.8317074775695801,0.7896641161706712,0.1
47857,Handbags,10,0.8295078158378602,0.8295078158378602,,1.0
48007,Watches,9,0.8035636901855469,0.8056003451347351,0.7852337956428528,0.9
48084,Dresses,3,0.6812478005886078,0.7119952241579691,0.6680703333445958,0.3
48095,Tops,3,0.6765181541442871,0.68340136607488,0.673568206174033,0.3
48113,Belts,10,0.8628765225410462,0.8628765225410462,,1.0
48230,Sunglasses,10,0.8590009927749633,0.8590009927749633,,1.0
48341,Necklace and Chains,10,0.577379709482193,0.577379709482193,,1.0
48436,Tshirts,10,0.9086050868034363,0.9086050868034363,,1.0
48476,Dresses,7,0.8164354801177979,0.8118819849831718,0.8270603020985922,0.7
48529,Flip Flops,10,0.847424054145813,0.847424054145813,,1.0
48558,Belts,10,0.8741003334522247,0.8741003334522247,,1.0
48653,Earrings,10,0.7638382732868194,0.7638382732868194,,1.0
48655,Earrings,10,0.689928936958313,0.689928936958313,,1.0
48692,Earrings,6,0.6429083704948425,0.6554708381493887,0.6240646690130234,0.6
48694,Earrings,9,0.666565477848053,0.668569803237915,0.6485265493392944,0.9
48902,Pendant,10,0.7383134961128235,0.7383134961128235,,1.0
48933,Ring,10,0.7301820158958435,0.7301820158958435,,1.0
48994,Ring,10,0.77030149102211,0.77030149102211,,1.0
49074,Nail Polish,10,0.9056209444999694,0.9056209444999694,,1.0
49097,Compact,3,0.7063677787780762,0.9988992214202881,0.5809971605028424,0.3
49143,Lip Gloss,8,0.7386131167411805,0.757482685148716,0.6631348431110382,0.8
49158,Foundation and Primer,4,0.8308106005191803,0.9504386186599731,0.7510585884253184,0.4
49321,Watches,10,0.7068219244480133,0.7068219244480133,,1.0
49489,Casual Shoes,10,0.8015056669712066,0.8015056669712066,,1.0
49603,Heels,6,0.7920552134513855,0.7884138822555542,0.7975172102451324,0.6
49605,Heels,7,0.722330641746521,0.7195224165916443,0.7288831671079,0.7
49664,Sunglasses,10,0.8876242339611053,0.8876242339611053,,1.0
49711,Ties,10,0.783593726158142,0.783593726158142,,1.0
49726,Ties,10,0.8227295339107513,0.8227295339107513,,1.0
49765,Kurtas,10,0.7853591680526734,0.7853591680526734,,1.0
49838,Flip Flops,8,0.700022029876709,0.7005119249224663,0.6980624496936798,0.8
49849,Watches,10,0.7209838211536408,0.7209838211536408,,1.0
49982,Briefs,9,0.7153836786746979,0.7193489803208245,0.6796959638595581,0.9
50158,Heels,8,0.7353324711322784,0.7375259101390839,0.7265587151050568,0.8
50316,Ties,10,0.9646833300590515,0.9646833300590515,,1.0
50332,Kurtas,9,0.8171252071857452,0.8179109692573547,0.8100533485412598,0.9
50356,Kurtas,5,0.8151421785354614,0.8224709153175354,0.8078134417533874,0.5
50448,Briefs,10,0.7551344454288482,0.7551344454288482,,1.0
50550,Boxers,0,0.8390105307102204,,0.8390105307102204,0.0
50570,Trunk,10,0.9132154703140258,0.9132154703140258,,1.0
50575,Trunk,9,0.8825236856937408,0.8825601670477126,0.8821953535079956,0.9
50591,Briefs,10,0.9067001283168793,0.9067001283168793,,1.0
50688,Trunk,4,0.8472095310688019,0.8585339933633804,0.8396598895390829,0.4
50726,Formal Shoes,6,0.8532362639904022,0.8486627141634623,0.8600965887308121,0.6
50750,Casual Shoes,10,0.8043688118457795,0.8043688118457795,,1.0
50755,Sandals,10,0.8235701382160187,0.8235701382160187,,1.0
50828,Wallets,10,0.8860561728477478,0.8860561728477478,,1.0
50839,Belts,10,0.8130100429058075,0.8130100429058075,,1.0
50853,Sarees,9,0.767417311668396,0.7687181764178805,0.7557095289230347,0.9
50903,Sarees,7,0.7568170845508575,0.7600605317524501,0.7492490410804749,0.7
51003,Bra,10,0.9074278116226197,0.9074278116226197,,1.0
51047,Bra,10,0.8697203159332275,0.8697203159332275,,1.0
51162,Socks,10,0.9215190768241882,0.9215190768241882,,1.0
51372,Tshirts,7,0.7756582915782928,0.7759886128561837,0.7748875419298807,0.7
51380,Shorts,8,0.9126224160194397,0.9153109565377235,0.9018682539463043,0.8
51410,Shirts,8,0.8579325139522552,0.8598315566778183,0.850336343050003,0.8
51486,Trousers,3,0.7925991773605346,0.8213538527488708,0.7802757450512477,0.3
51540,Watches,10,0.6707015752792358,0.6707015752792358,,1.0
51587,Jeans,5,0.9183742821216583,0.9178370475769043,0.9189115166664124,0.5
51599,Jeggings,2,0.9123540937900543,0.9281386137008667,0.9084079638123512,0.2
51668,Sunglasses,10,0.9172078907489777,0.9172078907489777,,1.0
51685,Sunglasses,9,0.896144449710846,0.8970103197627597,0.8883516192436218,0.9
51754,Casual Shoes,5,0.745617663860321,0.7577146291732788,0.7335206985473632,0.5
51809,Nightdress,3,0.7331504225730896,0.7339763045310974,0.7327964731625148,0.3
51883,Wallets,10,0.7217589616775513,0.7217589616775513,,1.0
52052,Tshirts,7,0.8650867819786072,0.8562671286719186,0.8856659730275472,0.7
52114,Tops,8,0.8488033473491668,0.8562585636973381,0.8189824819564819,0.8
52143,Tshirts,10,0.8344319820404053,0.8344319820404053,,1.0
52148,Tshirts,10,0.8642539739608764,0.8642539739608764,,1.0
52166,Pendant,8,0.5754539608955384,0.5752893760800362,0.576112300157547,0.8
52398,Nightdress,2,0.7112850844860077,0.7586704194545746,0.699438750743866,0.2
52465,Camisoles,1,0.7871388494968414,0.7855125665664673,0.7873195476002164,0.1
52506,Bath Robe,3,0.7840534806251526,0.7976023952166239,0.7782468029430935,0.3
52820,Earrings,9,0.6767875492572785,0.6810083985328674,0.6387999057769775,0.9
52827,Earrings,10,0.5968556761741638,0.5968556761741638,,1.0
52922,Sarees,9,0.6511667191982269,0.6521147158410814,0.6426347494125366,0.9
52928,Sarees,6,0.7401826560497284,0.7522481878598531,0.7220843583345413,0.6
52938,Sarees,10,0.7511187851428985,0.7511187851428985,,1.0
52949,Sarees,10,0.7023826003074646,0.7023826003074646,,1.0
53021,Sarees,4,0.7548842489719391,0.7491236180067062,0.7587246696154276,0.4
53056,Sarees,10,0.749296498298645,0.749296498298645,,1.0
53114,Tshirts,10,0.743821257352829,0.743821257352829,,1.0
53287,Jeans,10,0.8867225170135498,0.8867225170135498,,1.0
53328,Boxers,9,0.8600007474422455,0.8634740975168016,0.8287405967712402,0.9
53408,Kurtas,6,0.7965177595615387,0.7959531446297964,0.7973646819591522,0.6
53439,Flip Flops,10,0.766545033454895,0.766545033454895,,1.0
53440,Sports Shoes,9,0.7448373198509216,0.7431356112162272,0.7601526975631714,0.9
53448,Flip Flops,8,0.7844413757324219,0.7850169986486435,0.7821388840675354,0.8
53457,Heels,7,0.7768230080604553,0.7845430970191956,0.7588094671567281,0.7
53458,Heels,4,0.7873097360134125,0.7979636788368225,0.7802071074644724,0.4
53493,Bra,10,0.8655652582645417,0.8655652582645417,,1.0
53506,Bra,10,0.8969511032104492,0.8969511032104492,,1.0
53590,Watches,10,0.8002279043197632,0.8002279043197632,,1.0
53608,Watches,9,0.6682926654815674,0.6694728665881686,0.6576708555221558,0.9
53777,Sports Shoes,8,0.7680681586265564,0.766483448445797,0.7744069993495941,0.8
53782,Tshirts,10,0.9312326431274414,0.9312326431274414,,1.0
53808,Kurtas,7,0.7330960094928741,0.7282160350254604,0.7444826165835062,0.7
53900,Handbags,10,0.6933899641036987,0.6933899641036987,,1.0
54049,Jeggings,2,0.8465039432048798,0.850328803062439,0.84554772824049,0.2
54104,Flats,4,0.7610283553600311,0.7545958012342453,0.7653167247772217,0.4
54125,Heels,4,0.7164239883422852,0.716250404715538,0.7165397107601166,0.4
54319,Briefs,10,0.8506140828132629,0.8506140828132629,,1.0
54475,Handbags,10,0.7571261286735534,0.7571261286735534,,1.0
54565,Kurtas,9,0.8038431584835053,0.8017601304584079,0.8225904107093811,0.9
54568,Kurtas,7,0.7920774698257447,0.7913560271263123,0.7937608361244202,0.7
54604,Briefs,10,0.8201793074607849,0.8201793074607849,,1.0
54635,Watches,10,0.6752561628818512,0.6752561628818512,,1.0
54674,Watches,9,0.6623239517211914,0.6647943655649821,0.6400902271270752,0.9
54699,Kurtas,5,0.8410048127174378,0.8409123897552491,0.8410972356796265,0.5
54734,Casual Shoes,10,0.7922617197036743,0.7922617197036743,,1.0
54808,Handbags,4,0.5789134442806244,0.5834949463605881,0.5758591095606486,0.4
54879,Necklace and Chains,9,0.6935611367225647,0.6961275868945651,0.6704630851745605,0.9
54936,Tshirts,2,0.7718016505241394,0.7857315242290497,0.7683191820979118,0.2
54977,Lounge Pants,0,0.8606425583362579,,0.8606425583362579,0.0
55021,Lipstick,10,0.9919773519039154,0.9919773519039154,,1.0
55062,Lipstick,10,0.9748305261135102,0.9748305261135102,,1.0
55137,Nail Polish,10,0.9373933494091033,0.9373933494091033,,1.0
55194,Nail Polish,6,0.6898993372917175,0.7028314471244812,0.670501172542572,0.6
55233,Foundation and Primer,6,0.7449821949005127,0.7803317805131277,0.6919578164815903,0.6
55331,Hair Colour,10,0.7894154548645019,0.7894154548645019,,1.0
55335,Hair Colour,1,0.6662952423095703,0.7521697282791138,0.6567536327573988,0.1
55475,Lip Liner,6,0.8975478529930114,0.9542776842912039,0.812453106045723,0.6
55549,Kajal and Eyeliner,7,0.9344821810722351,0.9454125932284764,0.9089778860410055,0.7
55641,Heels,6,0.567541116476059,0.571417381366094,0.5617267191410065,0.6
55796,Night suits,8,0.7339177072048187,0.7367408126592636,0.7226252853870392,0.8
55915,Nail Polish,10,0.8760643720626831,0.8760643720626831,,1.0
55943,Nail Polish,10,0.8795431852340698,0.8795431852340698,,1.0
56006,Lipstick,10,0.9354289650917054,0.9354289650917054,,1.0
56054,Lip Gloss,10,0.9247321903705596,0.9247321903705596,,1.0
56061,Lip Gloss,10,0.9471473634243012,0.9471473634243012,,1.0
56098,Lip Gloss,10,0.8369758486747741,0.8369758486747741,,1.0
56140,Eyeshadow,7,0.7819063246250153,0.7891031588826861,0.7651137113571167,0.7
56226,Night suits,7,0.8134680807590484,0.8164738076073783,0.8064547181129456,0.7
56233,Night suits,8,0.8533584713935852,0.8543719202280045,0.8493046760559082,0.8
56239,Night suits,7,0.8032204449176789,0.8077919227736337,0.7925536632537842,0.7
56277,Bra,10,0.8853625535964966,0.8853625535964966,,1.0
56498,Nail Polish,10,0.9529901027679444,0.9529901027679444,,1.0
56611,Compact,7,0.7089723408222198,0.7420981185776847,0.6316788593928019,0.7
56849,Jeans,4,0.9155027329921722,0.9148918092250824,0.9159100155035654,0.4
56854,Shirts,9,0.8388421773910523,0.8413669466972351,0.8161192536354065,0.9
56917,Heels,4,0.747637939453125,0.7444887012243271,0.749737431605657,0.4
56921,Heels,1,0.7501601934432983,0.7703146934509277,0.7479208045535617,0.1
56963,Heels,7,0.7111174702644348,0.7138264264379229,0.704796572526296,0.7
56975,Flats,3,0.7793612122535706,0.7869046529134115,0.7761283091136387,0.3
57065,Tops,0,0.779033774137497,,0.779033774137497,0.0
57108,Tops,6,0.7375343918800354,0.7431757748126984,0.729072317481041,0.6
57154,Tshirts,9,0.7262629210948944,0.7281551029947069,0.709233283996582,0.9
57187,Tunics,0,0.7906996667385101,,0.7906996667385101,0.0
57299,Heels,1,0.7270284295082092,0.7200899720191956,0.7277993692292107,0.1
57344,Bra,10,0.9067424237728119,0.9067424237728119,,1.0
57380,Briefs,9,0.8516972064971924,0.8525916801558601,0.8436469435691833,0.9
57414,Briefs,10,0.8861249446868896,0.8861249446868896,,1.0
57435,Tshirts,9,0.7817739188671112,0.7825018366177877,0.775222659111023,0.9
57463,Belts,10,0.8656087756156922,0.8656087756156922,,1.0
57475,Sandals,3,0.7567380189895629,0.7690051198005676,0.751480690070561,0.3
57562,Lipstick,10,0.9730053305625915,0.9730053305625915,,1.0
57566,Lipstick,10,0.975552624464035,0.975552624464035,,1.0
57582,Lipstick,10,0.9411623477935791,0.9411623477935791,,1.0
57628,Sunscreen,8,0.813275933265686,0.8218839839100838,0.7788437306880951,0.8
57732,Lip Care,9,0.7623805165290832,0.7711781130896674,0.6832021474838257,0.9
57743,Foundation and Primer,5,0.8800611853599548,0.9823663473129273,0.7777560234069825,0.5
57796,Face Wash and Cleanser,0,0.5718631386756897,,0.5718631386756897,0.0
57888,Mask and Peel,3,0.7540290176868438,0.7170962691307068,0.7698573384966169,0.3
57898,Tops,6,0.7700382113456726,0.776828666528066,0.7598525285720825,0.6
58071,Earrings,10,0.5572589755058288,0.5572589755058288,,1.0
58246,Wallets,8,0.8195061385631561,0.827089935541153,0.7891709506511688,0.8
58304,Socks,10,0.8717695593833923,0.8717695593833923,,1.0
58612,Earrings,9,0.7005946695804596,0.7020136846436394,0.6878235340118408,0.9
58645,Kurtas,9,0.8229271113872528,0.8202237354384528,0.8472574949264526,0.9
58667,Kurtas,9,0.8089002966880798,0.8089236948225234,0.8086897134780884,0.9
58691,Kurtas,10,0.8386845707893371,0.8386845707893371,,1.0
58797,Shirts,10,0.8178137004375458,0.8178137004375458,,1.0
58899,Ties,10,0.9430280268192291,0.9430280268192291,,1.0
58961,Perfume and Body Mist,6,0.7574391067028046,0.767268031835556,0.7426957190036774,0.6
59017,Flip Flops,4,0.8521021604537964,0.8579479902982712,0.8482049405574799,0.4
59099,Briefs,10,0.8427856802940369,0.8427856802940369,,1.0
59181,Formal Shoes,10,0.8860491216182709,0.8860491216182709,,1.0
59290,Watches,10,0.7376199722290039,0.7376199722290039,,1.0
59293,Watches,10,0.792006540298462,0.792006540298462,,1.0
59458,Ring,7,0.5903663337230682,0.5918920636177063,0.5868062973022461,0.7
59464,Ring,10,0.7151244103908538,0.7151244103908538,,1.0
59484,Ring,10,0.6347469389438629,0.6347469389438629,,1.0
59611,Sarees,10,0.6858161091804504,0.6858161091804504,,1.0
59646,Sarees,5,0.7481791794300079,0.7478952169418335,0.7484631419181824,0.5
59690,Bra,10,0.9051633298397064,0.9051633298397064,,1.0
59745,Nightdress,5,0.8635390400886536,0.8609617829322815,0.8661162972450256,0.5
59767,Earrings,7,0.7456611156463623,0.7559547679764884,0.7216425935427347,0.7
59819,Shirts,9,0.8820192098617554,0.8830009500185648,0.87318354845047,0.9
59895,Dresses,3,0.770597118139267,0.7673060695330302,0.7720075675419399,0.3
59981,Dresses,8,0.7995986640453339,0.8005626276135445,0.7957428097724915,0.8
59986,Dresses,7,0.782124501466751,0.7827922190938678,0.7805664936701456,0.7
